image_id,image_url,local_image_path,environment_key,expected_verdict,predicted_verdict,quality_score,raw_verdict,raw_quality_score,calibrated,calibration_rules,calibration_reason,pass_threshold,latency_ms,dirty_coverage_source,unet_dirty_coverage_pct,sam3_dirty_coverage_pct,combined_dirty_coverage_pct,sam3_status,sam3_predictions_count,sam3_elapsed_ms,dirty_level,has_large_trash,visualization_url,notes
scoring_01,https://smartcleanvn.com/wp-content/uploads/2022/09/ve-sinh-san-nha.jpg,,LOBBY_CORRIDOR,PASS,PENDING,50.0,FAIL,47.951,True,single_sam3_large_mask_review,single_sam3_large_mask_review,90.0,2716.06,sam3,0.0,52.049,52.049,ok,1,1993,clean,no,https://cleanopai90678092.blob.core.windows.net/visualizations/scoring/visualizations/lobby_corridor/2026/05/28/url_bef022fdcf3a1847_51110cf6c409.jpg,clean glossy indoor floor with no visible dirt or debris
scoring_02,https://encrypted-tbn0.gstatic.com/images?q=tbn:ANd9GcSUTXx-IBBldceZ1d2IeQzs9vKxx0VLk2TJrw&s,,LOBBY_CORRIDOR,PASS,PENDING,50.0,FAIL,22.593,True,coverage_only_fail_review,coverage_only_fail_review,90.0,1688.21,merged,55.987,77.407,77.407,ok,1,1222,clean,no,https://cleanopai90678092.blob.core.windows.net/visualizations/scoring/visualizations/lobby_corridor/2026/05/28/url_431d450c2022b757_9084ae5feea9.jpg,clean wooden floor with reflective finish
scoring_03,https://pramie.vn/wp-content/uploads/2024/08/ck3583089-meo-lau-nha-nhanh-sach-6.jpg,,LOBBY_CORRIDOR,PASS,PENDING,50.0,FAIL,42.455,True,auxiliary_segmentation_review,auxiliary_segmentation_review,90.0,2878.78,merged,23.162,54.475,57.545,ok,1,2190,clean,no,https://cleanopai90678092.blob.core.windows.net/visualizations/scoring/visualizations/lobby_corridor/2026/05/28/url_4eced33d8c58bc90_6212743687f7.jpg,living room floor appears clean and polished
scoring_04,https://encrypted-tbn0.gstatic.com/images?q=tbn:ANd9GcTL_VvZ5NZwKKr5EVa1LxQbDxrQfq89xy10Lg&s,,LOBBY_CORRIDOR,PENDING,PENDING,56.683,PENDING,56.683,False,,,90.0,1938.61,unet,43.317,0.0,43.317,ok,0,1497,slightly_dirty,no,https://cleanopai90678092.blob.core.windows.net/visualizations/scoring/visualizations/lobby_corridor/2026/05/28/url_1212acc6fb76cd78_4ee4a5cf6975.jpg,floor is still being mopped so the surface may remain wet
scoring_05,https://smartcleanvn.com/wp-content/uploads/2022/09/ve-snh-san-nha-1.jpg,,LOBBY_CORRIDOR,PASS,PENDING,50.0,FAIL,49.558,True,auxiliary_segmentation_review,auxiliary_segmentation_review,90.0,4636.75,merged,0.285,50.442,50.442,ok,2,4069,clean,no,https://cleanopai90678092.blob.core.windows.net/visualizations/scoring/visualizations/lobby_corridor/2026/05/28/url_113c3b7f3233d218_1c074f8ed9ee.jpg,large bright room with clean white floor
scoring_06,https://cdn-img-v2.mybota.vn/media/10639/untitled%20folder/san-go-cong-nghiep-kronoswiss%20(10).jpg,,LOBBY_CORRIDOR,PASS,PENDING,63.565,PENDING,63.565,False,,,90.0,3435.83,sam3,0.0,36.435,36.435,ok,1,2414,clean,no,https://cleanopai90678092.blob.core.windows.net/visualizations/scoring/visualizations/lobby_corridor/2026/05/28/url_8b68e17d8cfdcf01_f42742f5ef72.jpg,corridor floor looks clean and dry
scoring_07,https://cafefcdn.com/203337114487263232/2026/3/16/base64-17732919761491998636958-1773621299023-17736212991591122509146-1773666372629-1773666372990798379669.jpeg,,RESTROOM,PASS,PENDING,50.0,FAIL,33.354,True,auxiliary_segmentation_review,auxiliary_segmentation_review,85.0,3042.88,merged,32.049,63.541,66.646,ok,1,2392,clean,no,https://cleanopai90678092.blob.core.windows.net/visualizations/scoring/visualizations/restroom/2026/05/28/url_19acd4f3ad3860f7_3ae2632e2e92.jpg,restroom tile floor appears clean with no visible debris
scoring_08,https://encrypted-tbn0.gstatic.com/images?q=tbn:ANd9GcSmoiZcI6w7lI1rE6D8gGXqmcY1BO-nPBFlUA&s,,RESTROOM,FAIL,PENDING,50.0,FAIL,49.99,True,single_sam3_large_mask_review,single_sam3_large_mask_review,85.0,2061.62,sam3,0.0,50.01,50.01,ok,1,1536,obviously_dirty,no,https://cleanopai90678092.blob.core.windows.net/visualizations/scoring/visualizations/restroom/2026/05/28/url_7d84993c3cad18a4_896e453cce1a.jpg,close-up shows dirty grout or residue on tile surface
scoring_09,https://hafuco.com/wp-content/uploads/2020/11/nguyen-nhan-khien-san-nha-bi-ban.jpg,,LOBBY_CORRIDOR,PENDING,PENDING,82.695,PENDING,82.695,False,,,90.0,3177.58,merged,17.027,0.278,17.305,ok,4,2663,slightly_dirty,no,https://cleanopai90678092.blob.core.windows.net/visualizations/scoring/visualizations/lobby_corridor/2026/05/28/url_8643d78ac442b9a7_fbb5e374dab7.jpg,floor contains visible crumbs or small scattered dirt
scoring_10,https://baokhanhhoa.vn/file/e7837c02857c8ca30185a8c39b582c03/dataimages/201803/original/images5327410_2_nha_ve_sinh_bi_bo_hoang.jpg,,RESTROOM,FAIL,PENDING,52.704,PENDING,52.704,False,,,85.0,2400.37,merged,20.575,46.743,47.296,ok,43,1454,obviously_dirty,yes,https://cleanopai90678092.blob.core.windows.net/visualizations/scoring/visualizations/restroom/2026/05/28/url_68551e6f210d96c2_f91a121138e1.jpg,restroom floor contains heavy debris and visible waste
scoring_11,https://encrypted-tbn0.gstatic.com/images?q=tbn:ANd9GcQkOojCH1I6_ZPzQEHFAaxvG2resfApTmMOXQ&s,,OUTDOOR_LANDSCAPE,PENDING,PENDING,50.0,FAIL,39.002,True,auxiliary_segmentation_review,auxiliary_segmentation_review,80.0,1315.01,merged,33.529,60.928,60.998,ok,1,852,slightly_dirty,no,https://cleanopai90678092.blob.core.windows.net/visualizations/scoring/visualizations/outdoor_landscape/2026/05/28/url_5ec302a4c55dccbe_1f7522e53a4d.jpg,balcony or outdoor tile surface looks stained or dusty
scoring_12,https://media-cdn-v2.laodong.vn/Storage/NewsPortal/2023/4/12/1178987/Z4258739626997_Be44a.jpg,,OUTDOOR_LANDSCAPE,FAIL,PENDING,56.605,PENDING,56.605,False,,,80.0,4912.35,merged,43.272,0.161,43.395,ok,11,4104,obviously_dirty,yes,https://cleanopai90678092.blob.core.windows.net/visualizations/scoring/visualizations/outdoor_landscape/2026/05/28/url_f03c9e13dd7624fe_487fad548735.jpg,outdoor area is covered with many fallen leaves
scoring_13,https://viglacerahanoi.vn/wp-content/uploads/2017/11/quy-trinh-lat-gach-nen-nha.jpg,,LOBBY_CORRIDOR,FAIL,PENDING,50.0,FAIL,34.349,True,auxiliary_segmentation_review,auxiliary_segmentation_review,90.0,2935.27,merged,5.622,65.541,65.651,ok,3,2535,obviously_dirty,yes,https://cleanopai90678092.blob.core.windows.net/visualizations/scoring/visualizations/lobby_corridor/2026/05/28/url_92264a5423e7ff1f_19c2d892210b.jpg,indoor floor contains construction tools and debris
scoring_14,https://viglaceraofficial.com/storage/gach-lat-nen-nha-cap-4-(8).jpg,,LOBBY_CORRIDOR,PASS,PENDING,50.0,FAIL,42.811,True,auxiliary_segmentation_review,auxiliary_segmentation_review,90.0,1640.17,merged,30.626,41.117,57.189,ok,1,1025,clean,no,https://cleanopai90678092.blob.core.windows.net/visualizations/scoring/visualizations/lobby_corridor/2026/05/28/url_fe857a871f041e95_65d2bf3cd66f.jpg,newly finished floor appears clean and reflective
scoring_15,https://encrypted-tbn0.gstatic.com/images?q=tbn:ANd9GcRmHqqJIEibFIMKO9Erg1j0oPVGU3Y7D6xMpQ&s,,LOBBY_CORRIDOR,PENDING,PENDING,50.0,FAIL,36.821,True,auxiliary_segmentation_review,auxiliary_segmentation_review,90.0,1858.6,merged,16.988,63.179,63.179,ok,1,1392,slightly_dirty,no,https://cleanopai90678092.blob.core.windows.net/visualizations/scoring/visualizations/lobby_corridor/2026/05/28/url_6f372406f371e11a_b57adfaa617a.jpg,low-angle view suggests a usable floor but not clearly polished
scoring_16,https://vaidecor.vn/wp-content/uploads/2025/07/quy-trinh-giai-phap-nang-nen-nha-hieu-qua.jpg,,LOBBY_CORRIDOR,PASS,PENDING,50.0,FAIL,39.417,True,auxiliary_segmentation_review,auxiliary_segmentation_review,90.0,2299.18,merged,0.239,60.576,60.583,ok,3,1637,clean,no,https://cleanopai90678092.blob.core.windows.net/visualizations/scoring/visualizations/lobby_corridor/2026/05/28/url_152745459f233b06_28b68e4c4edf.jpg,wooden floor appears clean and recently maintained
scoring_17,https://tedco.com.vn/wp-content/uploads/2024/12/Mau-son-nen-nha-o-so-1.png,,LOBBY_CORRIDOR,PASS,PENDING,50.0,FAIL,15.779,True,coverage_only_fail_review,coverage_only_fail_review,90.0,4054.1,merged,58.609,56.783,84.221,ok,2,1875,clean,no,https://cleanopai90678092.blob.core.windows.net/visualizations/scoring/visualizations/lobby_corridor/2026/05/28/url_b7760c10caa56e6b_eb41b37d9f94.jpg,wide empty room with clean epoxy-like floor
scoring_18,https://vn.toto.com/wp-content/webp-express/webp-images/uploads/2024/10/cach-ve-sinh-san-nha-sau-xay-dung-5.jpg.webp,,LOBBY_CORRIDOR,PENDING,,,,,,,,90,114.6,,,,,,,,slightly_dirty,no,,"floor is in active cleaning stage and may remain wet | inference_error=HTTP 400: {""error"":""Không thể tải ảnh từ URL: 403 Client Error: Forbidden for url: https://vn.toto.com/wp-content/webp-express/webp-images/uploads/2024/10/cach-ve-sinh-san-nha-sau-xay-dung-5.jpg.webp""}"
scoring_19,https://www.hoanmyclean.vn/wp-content/uploads/2024/07/cach-lau-san-nha-sach-bong-5.jpg,,LOBBY_CORRIDOR,PASS,PENDING,50.0,FAIL,30.803,True,auxiliary_segmentation_review,auxiliary_segmentation_review,90.0,2092.79,merged,27.533,68.46,69.197,ok,1,1723,clean,no,https://cleanopai90678092.blob.core.windows.net/visualizations/scoring/visualizations/lobby_corridor/2026/05/28/url_9643c26f51fdc5c6_070b664a8e79.jpg,wooden floor is glossy and appears fully cleaned
